seq_x,delta energy,relative binding
GCUGUGUCUACGCCGGAUUGGGGACCUGCACGGCCCAUG,1.7938613160993526,0
GCUGUGUCUACGUCCGGAUUGGGGACCGCACGGCCCAUG,1.1680750646864908,0
GCUGUGUCUACGUCCGGAUUGGGGACUGCACGGCCCAUG,1.5255373992636052,0
GCUGUGUCUACUCCGGAUUGGGGACCUGCACGGCCCAUG,1.7539434713554414,0
GCUGUGUCUAGUCCGGAUUGGGGACCUGCACGGCCCAUG,1.4737139422943386,0
GCUGUGUCUCGUCCGGAUUGGGGACCUGCACGGCCCAUG,1.0131888052806346,0
GCUGUGUCACGUCCGGAUUGGGGACCUGCACGGCCCAUG,0.8058679261957735,1
GCUGUGUCUACGUCCGGAUUGGGGACCUCACGGCCCAUG,1.6700501040533027,3
GCUGUGUCUACGUCGGAUUGGGGACCUGCACGGCCCAUG,1.5864267406979025,16
GCUGUGUCUACGUCCGGAUUGGGGCCUGCACGGCCCAUG,1.0465784652641688,43
GCUGUGUCUACGUCCGGAUGGGGACCUGCACGGCCCAUG,1.163821376680474,120
GCUGUGUCUACGUCCGGUUGGGGACCUGCACGGCCCAUG,0.23404585225421215,130
GCUGUGUUACGUCCGGAUUGGGGACCUGCACGGCCCAUG,0.6656807158659035,139
GCUGUGUCUACGUCCGGAUUGGGACCUGCACGGCCCAUG,0.0563748030010629,174
GCUGUGUCUACGUCCGAUUGGGGACCUGCACGGCCCAUG,0.5295539475137048,182
